<?xml version="1.0" encoding="UTF-8"?>
<beans xmlns="http://www.springframework.org/schema/beans"
       xmlns:xsi="http://www.w3.org/2001/XMLSchema-instance"
       xmlns:mvc="http://www.springframework.org/schema/mvc"
       xmlns:context="http://www.springframework.org/schema/context"
       xmlns:util="http://www.springframework.org/schema/util"
       xsi:schemaLocation="
        http://www.springframework.org/schema/beans
        http://www.springframework.org/schema/beans/spring-beans.xsd
        http://www.springframework.org/schema/mvc
        http://www.springframework.org/schema/mvc/spring-mvc.xsd     
        http://www.springframework.org/schema/context
        http://www.springframework.org/schema/context/spring-context.xsd
        http://www.springframework.org/schema/util
        http://www.springframework.org/schema/util/spring-util.xsd">

    <context:component-scan base-package="edu.mum"/>

    <mvc:annotation-driven validator="validator"/>

    <mvc:resources mapping="/css/**" location="/css/"/>
    <mvc:resources mapping="/image/**" location="/images/"/>

    <bean id="viewResolver"
          class="org.springframework.web.servlet.view.InternalResourceViewResolver">
        <property name="prefix" value="/WEB-INF/jsp/"/>
        <property name="suffix" value=".jsp"/>
    </bean>

    <bean id="messageSource"
          class="org.springframework.context.support.ReloadableResourceBundleMessageSource">
        <property name="basename" value="classpath:errorMessages"/>
    </bean>

    <bean id="validator"
          class="org.springframework.validation.beanvalidation.LocalValidatorFactoryBean">
        <property name="validationMessageSource" ref="messageSource"/>
        <property name="validationPropertyMap">
            <util:map>
                <entry key="hibernate.validator.fail_fast" value="false"/>
            </util:map>
        </property>
    </bean>

    <mvc:interceptors>
        <mvc:interceptor>
            <mvc:mapping path="/*"/>
            <bean class="edu.mum.interceptor.ProcessingTimeLogInterceptor"/>
        </mvc:interceptor>
    </mvc:interceptors>

</beans>